"989"," HASSLT UNIVERSITY","Belgium"
"379","AALBORG UNIVERSITY","Denmark"
"137","AALTO UNIVERSITY","Finland"
"119","AARHUS UNIVERSITY","Denmark"
"481","ABERYSTWYTH UNIVERSITY","United Kingdom"
"551","ABO AKADEMI UNIVERSITY","Finland"
"755","ABU DHABI UNIVERSITY","United Arab Emirates"
"801","ADAM MICKIEWICZ UNIVERSITY","Poland"
"802","AGH UNIVERSITY OF SCIENCE AND TECHNOLOGY","Poland"
"701","AIN SHAMS UNIVERSITY ","Egypt"
"702","AIRLANGGA UNIVERSITY","Indonesia"
"651","AJOU UNIVERSITY ","South Korea"
"803","AL AZHAR UNIVERSITY ","Egypt"
"236","AL-FARABI KAZAKH NATIONAL UNIVERSITY","Kazakhstan"
"757","AL-IMAM MOHAMED IBN SAUD ISLAMIC UNIVERSITY","Saudi Arabia"
"756","ALEXANDRIA UNIVERSITY ","Egypt"
"804","ALEXANDRU IOAN CUZA UNIVERSITY","Romania"
"805","ALIGARH MUSLIM UNIVERSITY (AMU), ALIGARH","India"
"758","ALPEN-ADRIA-UNIVERSITAT KLAGENFURT ","Austria"
"471","AMERICAN UNIVERSITY","United States"
"395","AMERICAN UNIVERSITY IN CAIRO","Egypt"
"603","AMERICAN UNIVERSITY IN DUBAI","United Arab Emirates"
"235","AMERICAN UNIVERSITY OF BEIRUT (AUB)","Lebanon"
"411","AMERICAN UNIVERSITY OF SHARJAH","United Arab Emirates"
"502","AMIRKABIR UNIVERSITY OF TECHNOLOGY","Iran"
"806","ANKARA UNIVERSITESI","Turkey"
"652","ANNA UNIVERSITY","India"
"807","AOYAMA GAKUIN UNIVERSITY","Japan"
"412","ARABIAN GULF UNIVERSITY","Bahrain"
"503","ARISTOTLE UNIVERSITY OF THESSALONIKI","Greece"
"209","ARIZONA STATE UNIVERSITY","United States"
"373","ASTON UNIVERSITY","United Kingdom"
"552","ATENEO DE MANILA UNIVERSITY","Philippines"
"808","ATHENS UNIVERSITY OF ECONOMICS AND BUSINESS","Greece"
"809","AUBURN UNIVERSITY","United States"
"442","AUCKLAND UNIVERSITY OF TECHNOLOGY ","New Zealand"
"810","AUSTRALIAN CATHOLIC UNIVERSITY","Australia"
"20","AUSTRALIAN NATIONAL UNIVERSITY (ANU)","Australia"
"811","BABES-BOLYAI UNIVERSITY","Romania"
"812","BAKU STATE UNIVERSITY","Azerbaijan"
"813","BANARAS HINDU UNIVERSITY","India"
"331","BANDUNG INSTITUTE OF TECHNOLOGY (ITB)","Indonesia"
"443","BANGOR UNIVERSITY","United Kingdom"
"553","BAR-ILAN UNIVERSITY","Israel"
"291","BAUMAN MOSCOW STATE TECHNICAL UNIVERSITY","Russia"
"960","BAYLOR COLLEGE OF MEDICINE","United States"
"814","BAYLOR UNIVERSITY","United States"
"554","BEIHANG UNIVERSITY","China"
"653","BEIJING FOREIGN STUDIES UNIVERSITY","China"
"451","BEIJING INSTITUTE OF TECHNOLOGY","China"
"703","BEIJING JIAOTONG UNIVERSITY","China"
"256","BEIJING NORMAL UNIVERSITY ","China"
"704","BEIJING UNIVERSITY OF TECHNOLOGY","China"
"334","BELARUS STATE UNIVERSITY","Belarus"
"759","BELARUSIAN NATIONAL TECHNICAL UNIVERSITY","Belarus"
"352","BEN GURION UNIVERSITY OF THE NEGEV","Israel"
"815","BENEMERITA UNIVERSIDAD AUTONOMA DE PUEBLA","Mexico"
"961","BI NORWEGIAN BUSINESS SCHOOL","Norway"
"421","BILKENT UNIVERSITY","Turkey"
"816","BINGHAMTON UNIVERSITY SUNY","United States"
"308","BIRKBECK COLLEGE, UNIVERSITY OF LONDON","United Kingdom"
"817","BIRLA INSTITUTE OF TECHNOLOGY AND SCIENCE","India"
"818","BIRZEIT UNIVERSITY","Palestinian Territory"
"492","BOGAZICI UNIVERSITESI","Turkey"
"760","BOGOR AGRICULTURAL UNIVERSITY","Indonesia"
"431","BOND UNIVERSITY","Australia"
"339","BOSTON COLLEGE","United States"
"81","BOSTON UNIVERSITY","United States"
"705","BOURNEMOUTH UNIVERSITY","United Kingdom"
"413","BRANDEIS UNIVERSITY","United States"
"761","BRIGHAM YOUNG UNIVERSITY","United States"
"604","BRNO UNIVERSITY OF TECHNOLOGY","Czech Republic"
"53","BROWN UNIVERSITY","United States"
"346","BRUNEL UNIVERSITY","United Kingdom"
"762","BUDAPEST UNIVERSITY OF TECHNOLOGY AND ECONOMICS","Hungary"
"482","CAIRO UNIVERSITY","Egypt"
"4","CALIFORNIA INSTITUTE OF TECHNOLOGY","United States"
"138","CARDIFF UNIVERSITY","United Kingdom"
"654","CARLETON UNIVERSITY","Canada"
"47","CARNEGIE MELLON UNIVERSITY","United States"
"213","CASE WESTERN RESERVE UNIVERSITY","United States"
"988","CATHOLIC UNIVERSITY OF LEUVER","Belgium"
"605","CENTRAL QUEENSLAND UNIVERSITY ","Australia"
"819","CENTRAL SOUTH UNIVERSITY","China"
"177","CENTRALESUPELEC","France"
"133","CHALMERS UNIVERSITY OF TECHNOLOGY","Sweden"
"483","CHANG GUNG UNIVERSITY","Taiwan"
"655","CHARLES DARWIN UNIVERSITY ","Australia"
"820","CHARLES STURT UNIVERSITY ","Australia"
"314","CHARLES UNIVERSITY","Czech Republic"
"555","CHIANG MAI UNIVERSITY","Thailand"
"504","CHIBA UNIVERSITY","Japan"
"706","CHINA AGRICULTURAL UNIVERSITY ","China"
"505","CHONBUK NATIONAL UNIVERSITY","South Korea"
"821","CHONGQING UNIVERSITY","China"
"606","CHONNAM NATIONAL UNIVERSITY","South Korea"
"432","CHRISTIAN-ALBRECHTS-UNIVERSITAT ZU KIEL","Germany"
"245","CHULALONGKORN UNIVERSITY","Thailand"
"962","CHUNG-ANG UNIVERSITY ","South Korea"
"822","CHUNGNAM NATIONAL UNIVERSITY","South Korea"
"343","CITY UNIVERSITY LONDON","United Kingdom"
"49","CITY UNIVERSITY OF HONG KONG","Hong Kong"
"506","CITY UNIVERSITY OF NEW YORK","United States"
"507","CLARK UNIVERSITY","United States"
"656","CLARKSON UNIVERSITY","United States"
"707","CLEMSON UNIVERSITY","United States"
"556","COLLEGE OF WILLIAM & MARY","United States"
"484","COLORADO STATE UNIVERSITY","United States"
"18","COLUMBIA UNIVERSITY","United States"
"708","COMENIUS UNIVERSITY IN BRATISLAVA","Slovakia"
"433","CONCORDIA UNIVERSITY","Canada"
"963","COPENHAGEN BUSINESS SCHOOL","Denmark"
"14","CORNELL UNIVERSITY","United States"
"823","CORVINUS UNIVERSITY OF BUDAPEST","Hungary"
"557","COVENTRY UNIVERSITY","United Kingdom"
"964","CRANFIELD UNIVERSITY","United Kingdom"
"824","CUKUROVA UNIVERSITY","Turkey"
"262","CURTIN UNIVERSITY","Australia"
"493","CZECH TECHNICAL UNIVERSITY IN PRAGUE","Czech Republic"
"279","DALHOUSIE UNIVERSITY","Canada"
"558","DALIAN UNIVERSITY OF TECHNOLOGY","China"
"709","DANKOOK UNIVERSITY ","South Korea"
"169","DARTMOUTH COLLEGE","United States"
"710","DE LA SALLE UNIVERSITY","Philippines"
"293","DEAKIN UNIVERSITY","Australia"
"54","DELFT UNIVERSITY OF TECHNOLOGY","Netherlands"
"825","DIPONEGORO UNIVERSITY","Indonesia"
"826","DONETSK NATIONAL UNIVERSITY","Ukraine"
"472","DONGGUK UNIVERSITY ","South Korea"
"827","DOSHISHA UNIVERSITY","Japan"
"508","DREXEL UNIVERSITY","United States"
"391","DUBLIN CITY UNIVERSITY (DCU)","Ireland"
"657","DUBLIN INSTITUTE OF TECHNOLOGY (DIT)","Ireland"
"21","DUKE UNIVERSITY","United States"
"78","DURHAM UNIVERSITY","United Kingdom"
"658","E.A.BUKETOV KARAGANDA STATE UNIVERSITY ","Kazakhstan"
"509","EAST CHINA NORMAL UNIVERSITY","China"
"559","EAST CHINA UNIVERSITY OF SCIENCE AND TECHNOLOGY","China"
"164","EBERHARD KARLS UNIVERSITAT TUBINGEN","Germany"
"270","ECOLE DES PONTS PARISTECH","France"
"330","ECOLE NORMALE SUPERIEURE DE CACHAN","France"
"157","ECOLE NORMALE SUPERIEURE DE LYON ","France"
"43","ECOLE NORMALE SUPERIEURE, PARIS (ENS PARIS)","France"
"59","ECOLE POLYTECHNIQUE","France"
"12","ECOLE POLYTECHNIQUE FEDERALE DE LAUSANNE (EPFL)","Switzerland"
"828","EDINBURGH NAPIER UNIVERSITY","United Kingdom"
"763","EDITH COWAN UNIVERSITY (ECU)","Australia"
"104","EINDHOVEN UNIVERSITY OF TECHNOLOGY","Netherlands"
"147","EMORY UNIVERSITY","United States"
"659","EOTVOS LORAND UNIVERSITY","Hungary"
"148","ERASMUS UNIVERSITY ROTTERDAM","Netherlands"
"965","ESCP EUROPE","France"
"966","ESSEC BUSINESS SCHOOL, PARIS","France"
"10","ETH ZURICH (SWISS FEDERAL INSTITUTE OF TECHNOLOGY)","Switzerland"
"967","EUROPEAN BUSINESS SCHOOL","Germany"
"299","EWHA WOMANS UNIVERSITY","South Korea"
"607","FAR EASTERN FEDERAL UNIVERSITY","Russia"
"994","Federation University Australia","Australia"
"829","FENG CHIA UNIVERSITY","Taiwan"
"560","FLINDERS UNIVERSITY","Australia"
"764","FLORIDA INTERNATIONAL UNIVERSITY","United States"
"434","FLORIDA STATE UNIVERSITY","United States"
"830","FORDHAM UNIVERSITY","United States"
"125","FREIE UNIVERSITAT BERLIN","Germany"
"831","FU JEN CATHOLIC UNIVERSITY","Taiwan"
"40","FUDAN UNIVERSITY","China"
"986","FUZHOU UNIVERSITY","China"
"832","GAZI UNIVERSITESI","Turkey"
"181","GEORG-AUGUST-UNIVERSITAT GOTTINGEN","Germany"
"833","GEORGE MASON UNIVERSITY","United States"
"353","GEORGE WASHINGTON UNIVERSITY","United States"
"227","GEORGETOWN UNIVERSITY","United States"
"70","GEORGIA INSTITUTE OF TECHNOLOGY (GEORGIA TECH)","United States"
"765","GEORGIA STATE UNIVERSITY","United States"
"660","GIFU UNIVERSITY","Japan"
"398","GOLDSMITHS, UNIVERSITY OF LONDON","United Kingdom"
"325","GRIFFITH UNIVERSITY","Australia"
"766","GUNMA UNIVERSITY","Japan"
"340","GWANGJU INSTITUTE OF SCIENCE AND TECHNOLOGY (GIST)","South Korea"
"767","HACETTEPE UNIVERSITY ","Turkey"
"661","HALLYM UNIVERSITY ","South Korea"
"155","HANYANG UNIVERSITY","South Korea"
"326","HARBIN INSTITUTE OF TECHNOLOGY","China"
"3","HARVARD UNIVERSITY","United States"
"145","HEBREW UNIVERSITY OF JERUSALEM","Israel"
"968","HEC PARIS","France"
"983","HEHAI UNIVERSITY","China"
"981","HEILONGJIANG UNIVERSITY ","China"
"312","HERIOT-WATT UNIVERSITY","United Kingdom"
"322","HIROSHIMA UNIVERSITY","Japan"
"422","HITOTSUBASHI UNIVERSITY","Japan"
"122","HOKKAIDO UNIVERSITY","Japan"
"300","HONG KONG BAPTIST UNIVERSITY (HKBU)","Hong Kong"
"561","HOWARD UNIVERSITY","United States"
"473","HUAZHONG UNIVERSITY OF SCIENCE AND TECHNOLOGY","China"
"397","HUFS HANKUK (KOREA) UNIVERSITY OF FOREIGN STUDIES","South Korea"
"120","HUMBOLDT-UNIVERSITAT ZU BERLIN","Germany"
"711","HUNAN UNIVERSITY ","China"
"396","ILLINOIS INSTITUTE OF TECHNOLOGY","United States"
"8","IMPERIAL COLLEGE LONDON","United Kingdom"
"190","INDIAN INSTITUTE OF SCIENCE BANGALORE","India"
"179","INDIAN INSTITUTE OF TECHNOLOGY BOMBAY (IITB)","India"
"172","INDIAN INSTITUTE OF TECHNOLOGY DELHI (IITD)","India"
"510","INDIAN INSTITUTE OF TECHNOLOGY GUWAHATI (IITG)","India"
"294","INDIAN INSTITUTE OF TECHNOLOGY KANPUR (IITK)","India"
"309","INDIAN INSTITUTE OF TECHNOLOGY KHARAGPUR (IITKGP)","India"
"264","INDIAN INSTITUTE OF TECHNOLOGY MADRAS (IITM)","India"
"435","INDIAN INSTITUTE OF TECHNOLOGY ROORKEE (IITR)","India"
"304","INDIANA UNIVERSITY BLOOMINGTON","United States"
"608","INDIANA UNIVERSITY-PURDUE UNIVERSITY INDIANAPOLIS","United States"
"609","INHA UNIVERSITY","South Korea"
"969","INSEAD (FRANCE)","France"
"452","INSTITUT NATIONAL DES SCIENCES APPLIQUEES DE LYON (INSA)","France"
"990","INSTITUTE OF TROPICAL MEDICINE ANTWERP","Belgium"
"662","INSTITUTO POLITECNICO NACIONAL (IPN)","Mexico"
"663","INSTITUTO TECNOLOGICO AUTONOMO DE MEXICO (ITAM)","Mexico"
"562","INSTITUTO TECNOLOGICO DE BUENOS AIRES (ITBA)","Argentina"
"712","INTERNATIONAL ISLAMIC UNIVERSITY MALAYSIA (IIUM)","Malaysia"
"474","IOWA STATE UNIVERSITY","United States"
"563","IRAN UNIVERSITY OF SCIENCE AND TECHNOLOGY","Iran"
"610","ISTANBUL TECHNICAL UNIVERSITY","Turkey"
"834","ISTANBUL UNIVERSITY","Turkey"
"611","ITMO UNIVERSITY","Russia"
"612","JADAVPUR UNIVERSITY","India"
"461","JAGIELLONIAN UNIVERSITY","Poland"
"367","JAMES COOK UNIVERSITY (JCU)","Australia"
"970","JAWAHARLAL NEHRU UNIVERSITY","India"
"494","JILIN UNIVERSITY","China"
"399","JOHANNES GUTENBERG UNIVERSITAT MAINZ","Germany"
"475","JOHANNES KEPLER UNIVERSITAT LINZ (JKU)","Austria"
"17","JOHNS HOPKINS UNIVERSITY","United States"
"613","JORDAN UNIVERSITY OF SCIENCE AND TECHNOLOGY","Jordan"
"485","JULIUS-MAXIMILIANS-UNIVERSITAT WURZBURG","Germany"
"564","JUSTUS-LIEBIG-UNIVERSITAT GIEBEN","Germany"
"664","KAGOSHIMA UNIVERSITY","Japan"
"41","KAIST - KOREA ADVANCED INSTITUTE OF SCIENCE AND TECHNOLOGY","South Korea"
"565","KANAZAWA UNIVERSITY","Japan"
"768","KANSAS STATE UNIVERSITY ","United States"
"476","KARL-FRANZENS-UNIVERSITAT GRAZ","Austria"
"971","KAROLINSKA INSTITUTE","Sweden"
"769","KASETSART UNIVERSITY","Thailand"
"71","KATHOLIEKE UNIVERSITEIT LEUVEN ","Belgium"
"713","KAUNAS UNIVERSITY OF TECHNOLOGY","Lithuania"
"835","KAZAKH ABLAI KHAN UNIVERSITY OF INTERNATIONAL RELATIONS AND WORLD LANGUAGES","Kazakhstan"
"495","KAZAKH NATIONAL PEDAGOGICAL UNIVERSITY ABAI","Kazakhstan"
"414","KAZAKH NATIONAL TECHNICAL UNIVERSITY AFTER K.I.SATPAYEV    ","Kazakhstan"
"665","KAZAKH-BRITISH TECHNICAL UNIVERSITY","Kazakhstan"
"444","KAZAN FEDERAL UNIVERSITY","Russia"
"614","KEELE UNIVERSITY ","United Kingdom"
"192","KEIO UNIVERSITY","Japan"
"836","KENT STATE UNIVERSITY","United States"
"453","KHALIFA UNIVERSITY","United Arab Emirates"
"714","KHAZAR UNIVERSITY","Azerbaijan"
"837","KHON KAEN UNIVERSITY","Thailand"
"267","KING ABDUL AZIZ UNIVERSITY (KAU)","Saudi Arabia"
"972","KING ABDULLAH UNIVERSITY OF SCIENCE & TECHNOLOGY (KAUST)","Saudi Arabia"
"173","KING FAHD UNIVERSITY OF PETROLEUM & MINERALS (KFUPM)","Saudi Arabia"
"770","KING FAISAL UNIVERSITY","Saudi Arabia"
"477","KING KHALID UNIVERSITY","Saudi Arabia"
"838","KING MONGKUT'S UNIVERSITY OF TECHNOLOGY THONBURI ","Thailand"
"221","KING SAUD UNIVERSITY (KSU)","Saudi Arabia"
"23","KING'S COLLEGE LONDON (KCL)","United Kingdom"
"511","KINGSTON UNIVERSITY, LONDON","United Kingdom"
"107","KIT, KARLSRUHER INSTITUT FUR TECHNOLOGIE","Germany"
"351","KOBE UNIVERSITY","Japan"
"436","KOC UNIVERSITY ","Turkey"
"666","KONKUK UNIVERSITY ","South Korea"
"90","KOREA UNIVERSITY","South Korea"
"98","KTH, ROYAL INSTITUTE OF TECHNOLOGY","Sweden"
"566","KUMAMOTO UNIVERSITY","Japan"
"667","KUWAIT UNIVERSITY","Kuwait"
"36","KYOTO UNIVERSITY","Japan"
"257","KYUNG HEE UNIVERSITY","South Korea"
"715","KYUNGPOOK NATIONAL UNIVERSITY","South Korea"
"839","KYUSHU INSTITUTE OF TECHNOLOGY ","Japan"
"128","KYUSHU UNIVERSITY","Japan"
"336","L.N. GUMILYOV EURASIAN NATIONAL UNIVERSITY ","Kazakhstan"
"360","LA TROBE UNIVERSITY","Australia"
"716","LAHORE UNIVERSITY OF MANAGEMENT SCIENCES (LUMS)","Pakistan"
"996","LAKEHEAD UNIVERSITY","Canada"
"135","LANCASTER UNIVERSITY","United Kingdom"
"615","LANZHOU UNIVERSITY","China"
"512","LAPPEENRANTA UNIVERSITY OF TECHNOLOGY","Finland"
"378","LAVAL UNIVERSITY","Canada"
"616","LEBANESE AMERICAN UNIVERSITY","Lebanon"
"513","LEHIGH UNIVERSITY","United States"
"401","LEIBNIZ UNIVERSITAT HANNOVER","Germany"
"109","LEIDEN UNIVERSITY","Netherlands"
"319","LINCOLN UNIVERSITY ","New Zealand"
"567","LINGNAN UNIVERSITY (HONG KONG)","Hong Kong"
"287","LINKOPING UNIVERSITY","Sweden"
"717","LOBACHEVSKY STATE UNIVERSITY OF NIZHNI NOVGOROD","Russia"
"840","LODZ UNIVERSITY","Poland"
"95","LOMONOSOV MOSCOW STATE UNIVERSITY ","Russia"
"973","LONDON BUSINESS SCHOOL","United Kingdom"
"718","LONDON METROPOLITAN UNIVERSITY","United Kingdom"
"35","LONDON SCHOOL OF ECONOMICS AND POLITICAL SCIENCE (LSE)","United Kingdom"
"841","LONDON SOUTH BANK UNIVERSITY","United Kingdom"
"234","LOUGHBOROUGH UNIVERSITY","United Kingdom"
"668","LOUISIANA STATE UNIVERSITY","United States"
"771","LOYOLA UNIVERSITY CHICAGO","United States"
"66","LUDWIG-MAXIMILIANS-UNIVERSITAT MUNCHEN","Germany"
"79","LUND UNIVERSITY","Sweden"
"514","M.O.AUEZOV SOUTH KAZAKHSTAN STATE UNIVERSITY","Kazakhstan"
"200","MAASTRICHT UNIVERSITY","Netherlands"
"240","MACQUARIE UNIVERSITY","Australia"
"335","MAHIDOL UNIVERSITY","Thailand"
"842","MAKERERE UNIVERSITY","Uganda"
"843","MANCHESTER METROPOLITAN UNIVERSITY","United Kingdom"
"719","MANIPAL UNIVERSITY","India"
"844","MARQUETTE UNIVERSITY","United States"
"462","MARTIN-LUTHER-UNIVERSITAT HALLE-WITTENBERG","Germany"
"568","MASARYK UNIVERSITY","Czech Republic"
"1","MASSACHUSETTS INSTITUTE OF TECHNOLOGY","United States"
"316","MASSEY UNIVERSITY","New Zealand"
"720","MAYNOOTH UNIVERSITY","Ireland"
"32","MCGILL UNIVERSITY","Canada"
"140","MCMASTER UNIVERSITY","Canada"
"845","MEIJI UNIVERSITY","Japan"
"721","MEMORIAL UNIVERSITY OF NEWFOUNDLAND","Canada"
"846","MIAMI UNIVERSITY","United States"
"149","MICHIGAN STATE UNIVERSITY","United States"
"569","MICHIGAN TECHNOLOGICAL UNIVERSITY","United States"
"478","MIDDLE EAST TECHNICAL UNIVERSITY","Turkey"
"722","MIDDLESEX UNIVERSITY","United Kingdom"
"669","MISSOURI UNIVERSITY OF SCIENCE AND TECHNOLOGY","United States"
"60","MONASH UNIVERSITY","Australia"
"355","MOSCOW INSTITUTE OF PHYSICS AND TECHNOLOGY STATE UNIVERSITY","Russia"
"374","MOSCOW STATE INSTITUTE OF INTERNATIONAL RELATIONS MGIMO UNIVERSITY ","Russia"
"515","MURDOCH UNIVERSITY","Australia"
"570","NAGASAKI UNIVERSITY","Japan"
"772","NAGOYA INSTITUTE OF TECHNOLOGY (NIT)","Japan"
"116","NAGOYA UNIVERSITY","Japan"
"114","NANJING UNIVERSITY","China"
"982","NANJING UNIVERSITY OF AERONAUTICS AND ASTRONAUTICS","China"
"344","NANKAI UNIVERSITY","China"
"11","NANYANG TECHNOLOGICAL UNIVERSITY (NTU)","Singapore"
"670","NATIONAL AND KAPODISTRIAN UNIVERSITY OF ATHENS","Greece"
"392","NATIONAL CENTRAL UNIVERSITY","Taiwan"
"222","NATIONAL CHENG KUNG UNIVERSITY","Taiwan"
"617","NATIONAL CHENGCHI UNIVERSITY","Taiwan"
"207","NATIONAL CHIAO TUNG UNIVERSITY","Taiwan"
"618","NATIONAL CHUNG HSING UNIVERSITY","Taiwan"
"375","NATIONAL RESEARCH NUCLEAR UNIVERSITY ""MEPHI"" (MOSCOW ENGINEERING PHYSICS INSTITUTE)","Russia"
"571","NATIONAL RESEARCH SARATOV STATE UNIVERSITY","Russia"
"382","NATIONAL RESEARCH UNIVERSITY - HIGHER SCHOOL OF ECONOMICS (HSE)","Russia"
"388","NATIONAL SUN YAT-SEN UNIVERSITY","Taiwan"
"619","NATIONAL TAIPEI UNIVERSITY OF TECHNOLOGY","Taiwan"
"289","NATIONAL TAIWAN NORMAL UNIVERSITY","Taiwan"
"76","NATIONAL TAIWAN UNIVERSITY (NTU)","Taiwan"
"265","NATIONAL TAIWAN UNIVERSITY OF SCIENCE AND TECHNOLOGY","Taiwan"
"723","NATIONAL TECHNICAL UNIVERSITY ""KHARKIV POLYTECHNIC INSTITUTE""","Ukraine"
"402","NATIONAL TECHNICAL UNIVERSITY OF ATHENS","Greece"
"516","NATIONAL TECHNICAL UNIVERSITY OF UKRAINE ""KYIV POLYTECHNIC INSTITUTE""","Ukraine"
"161","NATIONAL TSING HUA UNIVERSITY","Taiwan"
"984","NATIONAL UNIVERSITY of DEFENCE TECHNOLOGY","China"
"243","NATIONAL UNIVERSITY OF IRELAND, GALWAY (NUIG)","Ireland"
"517","NATIONAL UNIVERSITY OF SCIENCE AND TECHNOLOGY ""MISIS""","Russia"
"437","NATIONAL UNIVERSITY OF SCIENCES AND TECHNOLOGY (NUST) ISLAMABAD","Pakistan"
"15","NATIONAL UNIVERSITY OF SINGAPORE (NUS)","Singapore"
"329","NATIONAL YANG MING UNIVERSITY","Taiwan"
"847","NEW JERSEY INSTITUTE OF TECHNOLOGY (NJIT)","United States"
"620","NEW SCHOOL UNIVERSITY","United States"
"52","NEW YORK UNIVERSITY (NYU)","United States"
"162","NEWCASTLE UNIVERSITY","United Kingdom"
"848","NICOLAUS COPERNICUS UNIVERSITY ","Poland"
"724","NIIGATA UNIVERSITY","Japan"
"263","NORTH CAROLINA STATE UNIVERSITY","United States"
"849","NORTH-WEST UNIVERSITY","South Africa"
"347","NORTHEASTERN UNIVERSITY","United States"
"773","NORTHUMBRIA UNIVERSITY AT NEWCASTLE","United Kingdom"
"28","NORTHWESTERN UNIVERSITY","United States"
"259","NORWEGIAN UNIVERSITY OF SCIENCE AND TECHNOLOGY","Norway"
"850","NOTTINGHAM TRENT UNIVERSITY","United Kingdom"
"851","NOVOSIBIRSK STATE TECHNICAL UNIVERSITY","Russia"
"250","NOVOSIBIRSK STATE UNIVERSITY","Russia"
"852","OCHANOMIZU UNIVERSITY","Japan"
"86","OHIO STATE UNIVERSITY","United States"
"853","OHIO UNIVERSITY","United States"
"518","OKAYAMA UNIVERSITY","Japan"
"854","OKLAHOMA STATE UNIVERSITY ","United States"
"991","OPORTO POLYTECHNIC INSTITUTE","Portugal"
"445","OREGON STATE UNIVERSITY","United States"
"572","OSAKA CITY UNIVERSITY","Japan"
"725","OSAKA PREFECTURE UNIVERSITY ","Japan"
"63","OSAKA UNIVERSITY","Japan"
"361","OXFORD BROOKES UNIVERSITY","United Kingdom"
"726","PALACKY UNIVERSITY IN OLOMOUC","Czech Republic"
"855","PANJAB UNIVERSITY","India"
"774","PARIS LODRON UNIVERSITAT SALZBURG","Austria"
"38","PEKING UNIVERSITY","China"
"93","PENNSYLVANIA STATE UNIVERSITY","United States"
"519","PEOPLE'S FRIENDSHIP UNIVERSITY OF RUSSIA","Russia"
"403","PETER THE GREAT ST.PETERSBURG POLYTECHNIC UNIVERSITY","Russia"
"573","PHILIPPS-UNIVERSITAT MARBURG ","Germany"
"856","PLEKHANOV RUSSIAN UNIVERSITY OF ECONOMICS","Russia"
"72","POHANG UNIVERSITY OF SCIENCE AND TECHNOLOGY (POSTECH)","South Korea"
"496","POLITECNICA DE MADRID","Spain"
"170","POLITECNICO DI MILANO","Italy"
"307","POLITECNICO DI TORINO","Italy"
"364","PONTIFICIA UNIVERSIDAD CATOLICA ARGENTINA SANTA MARIA DE LOS BUENOS AIRES (UCA)","Argentina"
"139","PONTIFICIA UNIVERSIDAD CATOLICA DE CHILE","Chile"
"727","PONTIFICIA UNIVERSIDAD CATOLICA DE VALPARAISO","Chile"
"857","PONTIFICIA UNIVERSIDAD CATOLICA DEL ECUADOR","Ecuador"
"438","PONTIFICIA UNIVERSIDAD CATOLICA DEL PERU","Peru"
"463","PONTIFICIA UNIVERSIDAD JAVERIANA","Colombia"
"520","PONTIFICIA UNIVERSIDADE CATOLICA DE SAO PAULO (PUC-SP)","Brazil"
"521","PONTIFICIA UNIVERSIDADE CATOLICA DO RIO DE JANEIRO - PUC - RIO","Brazil"
"858","PONTIFICIA UNIVERSIDADE CATOLICA DO RIO GRANDE DO SUL","Brazil"
"859","PRINCE OF SONGKLA UNIVERSITY","Thailand"
"13","PRINCETON UNIVERSITY","United States"
"105","PURDUE UNIVERSITY","United States"
"497","PUSAN NATIONAL UNIVERSITY","South Korea"
"349","QATAR UNIVERSITY","Qatar"
"671","QUAID-I-AZAM UNIVERSITY","Pakistan"
"127","QUEEN MARY UNIVERSITY OF LONDON (QMUL)","United Kingdom"
"224","QUEEN'S UNIVERSITY","Canada"
"202","QUEEN'S UNIVERSITY OF BELFAST","United Kingdom"
"247","QUEENSLAND UNIVERSITY OF TECHNOLOGY (QUT)","Australia"
"204","RADBOUD UNIVERSITY NIJMEGEN","Netherlands"
"486","RENMIN UNIVERSITY OF CHINA","China"
"365","RENSSELAER POLYTECHNIC INSTITUTE","United States"
"141","RHEINISCH-WESTFALISCHE TECHNISCHE HOCHSCHULE AACHEN","Germany"
"239","RHEINISCHE FRIEDRICH-WILHELMS-UNIVERSITAT BONN","Germany"
"728","RHODES UNIVERSITY ","South Africa"
"89","RICE UNIVERSITY","United States"
"672","RIGA TECHNICAL UNIVERSITY","Latvia"
"860","RITSUMEIKAN UNIVERSITY","Japan"
"248","RMIT UNIVERSITY","Australia"
"1000","ROSKILDE UNIVERSITY","Denmark"
"260","ROYAL HOLLOWAY UNIVERSITY OF LONDON","United Kingdom"
"404","RUHR-UNIVERSITAT BOCHUM","Germany"
"68","RUPRECHT-KARLS-UNIVERSITAT HEIDELBERG","Germany"
"283","RUTGERS - THE STATE UNIVERSITY OF NEW JERSEY, NEW BRUNSWICK","United States"
"673","RUTGERS - THE STATE UNIVERSITY OF NEW JERSEY, NEWARK","United States"
"861","RYERSON UNIVERSITY","Canada"
"464","SABANCI UNIVERSITY","Turkey"
"241","SAINT-PETERSBURG STATE UNIVERSITY","Russia"
"862","SAITAMA UNIVERSITY","Japan"
"863","SAMARA NATIONAL RESEARCH UNIVERSITY (SAMARA UNIVERSITY)","Russia"
"864","SAN DIEGO STATE UNIVERSITY","United States"
"215","SAPIENZA - UNIVERSITE DI ROMA","Italy"
"220","SCIENCES PO PARIS","France"
"193","SCUOLA NORMALE SUPERIORE","Italy"
"194","SCUOLA SUPERIORE SANT'ANNA PISA","Italy"
"574","SEJONG UNIVERSITY ","South Korea"
"37","SEOUL NATIONAL UNIVERSITY (SNU)","South Korea"
"865","SEOUL NATIONAL UNIVERSITY OF SCIENCE AND TECHNOLOGY ","South Korea"
"866","SEPULUH NOPEMBER INSTITUTE OF TECHNOLOGY","Indonesia"
"867","SHAHID BEHESHTI UNIVERSITY TEHRAN","Iran"
"575","SHANDONG UNIVERSITY","China"
"674","SHANGHAI INTERNATIONAL STUDIES UNIVERSITY","China"
"62","SHANGHAI JIAO TONG UNIVERSITY","China"
"423","SHANGHAI UNIVERSITY","China"
"479","SHARIF UNIVERSITY OF TECHNOLOGY","Iran"
"868","SHINSHU UNIVERSITY ","Japan"
"576","SICHUAN UNIVERSITY","China"
"246","SIMON FRASER UNIVERSITY","Canada"
"446","SINGAPORE MANAGEMENT UNIVERSITY","Singapore"
"729","SMITH COLLEGE","United States"
"296","SOAS - SCHOOL OF ORIENTAL AND AFRICAN STUDIES, UNIVERSITY OF LONDON ","United Kingdom"
"730","SOFIA UNIVERSITY ""ST. KLIMENT OHRIDSKI""","Bulgaria"
"447","SOGANG UNIVERSITY","South Korea"
"731","SOPHIA UNIVERSITY ","Japan"
"577","SOUTH CHINA UNIVERSITY OF TECHNOLOGY","China"
"522","SOUTHEAST UNIVERSITY","China"
"869","SOUTHERN CROSS UNIVERSITY ","Australia"
"578","SOUTHERN FEDERAL UNIVERSITY","Russia"
"732","SOUTHERN METHODIST UNIVERSITY","United States"
"2","STANFORD UNIVERSITY","United States"
"362","STELLENBOSCH UNIVERSITY","South Africa"
"675","STEVENS INSTITUTE OF TECHNOLOGY","United States"
"974","STOCKHOLM SCHOOL OF ECONOMICS","Sweden"
"195","STOCKHOLM UNIVERSITY","Sweden"
"383","STONY BROOK UNIVERSITY","United States"
"454","SULTAN QABOOS UNIVERSITY","Oman"
"870","SUMY STATE UNIVERSITY","Ukraine"
"320","SUN YAT-SEN UNIVERSITY","China"
"108","SUNGKYUNKWAN UNIVERSITY","South Korea"
"439","SWANSEA UNIVERSITY","United Kingdom"
"424","SWINBURNE UNIVERSITY OF TECHNOLOGY","Australia"
"523","SYRACUSE UNIVERSITY","United States"
"400","TAIPEI MEDICAL UNIVERSITY","Taiwan"
"621","TALLINN UNIVERSITY OF TECHNOLOGY","Estonia"
"380","TAMPERE UNIVERSITY OF TECHNOLOGY ","Finland"
"415","TARAS SHEVCHENKO NATIONAL UNIVERSITY OF KYIV","Ukraine"
"117","TECHNICAL UNIVERSITY OF DENMARK","Denmark"
"225","TECHNION - ISRAEL INSTITUTE OF TECHNOLOGY","Israel"
"144","TECHNISCHE UNIVERSITAT BERLIN","Germany"
"524","TECHNISCHE UNIVERSITAT BRAUNSCHWEIG","Germany"
"272","TECHNISCHE UNIVERSITAT DARMSTADT","Germany"
"622","TECHNISCHE UNIVERSITAT DORTMUND","Germany"
"196","TECHNISCHE UNIVERSITAT DRESDEN","Germany"
"525","TECHNISCHE UNIVERSITAT GRAZ","Austria"
"64","TECHNISCHE UNIVERSITAT MUNCHEN","Germany"
"182","TECHNISCHE UNIVERSITAT WIEN","Austria"
"199","TECNOLOGICO DE MONTERREY (ITESM)","Mexico"
"205","TEL AVIV UNIVERSITY","Israel"
"676","TEMPLE UNIVERSITY","United States"
"197","TEXAS A&M UNIVERSITY","United States"
"733","TEXAS TECH UNIVERSITY","United States"
"623","THAMMASAT UNIVERSITY","Thailand"
"526","THE CATHOLIC UNIVERSITY OF KOREA ","South Korea"
"46","THE CHINESE UNIVERSITY OF HONG KONG (CUHK)","Hong Kong"
"96","THE HONG KONG POLYTECHNIC UNIVERSITY","Hong Kong"
"30","THE HONG KONG UNIVERSITY OF SCIENCE AND TECHNOLOGY (HKUST)","Hong Kong"
"871","THE ROBERT GORDON UNIVERSITY","United Kingdom"
"110","THE UNIVERSITY OF ADELAIDE","Australia"
"82","THE UNIVERSITY OF AUCKLAND","New Zealand"
"425","THE UNIVERSITY OF GEORGIA","United States"
"34","THE UNIVERSITY OF MANCHESTER","United Kingdom"
"42","THE UNIVERSITY OF MELBOURNE","Australia"
"45","THE UNIVERSITY OF NEW SOUTH WALES (UNSW)","Australia"
"84","THE UNIVERSITY OF NOTTINGHAM","United Kingdom"
"48","THE UNIVERSITY OF QUEENSLAND (UQ)","Australia"
"83","THE UNIVERSITY OF SHEFFIELD","United Kingdom"
"50","THE UNIVERSITY OF SYDNEY","Australia"
"29","THE UNIVERSITY OF TOKYO","Japan"
"57","THE UNIVERSITY OF WARWICK","United Kingdom"
"94","THE UNIVERSITY OF WESTERN AUSTRALIA (UWA)","Australia"
"480","TIANJIN UNIVERSITY","China"
"357","TILBURG UNIVERSITY","Netherlands"
"77","TOHOKU UNIVERSITY","Japan"
"872","TOKAI UNIVERSITY","Japan"
"56","TOKYO INSTITUTE OF TECHNOLOGY","Japan"
"368","TOKYO MEDICAL AND DENTAL UNIVERSITY ","Japan"
"677","TOKYO METROPOLITAN UNIVERSITY","Japan"
"579","TOKYO UNIVERSITY OF AGRICULTURE AND TECHNOLOGY ","Japan"
"734","TOKYO UNIVERSITY OF SCIENCE","Japan"
"386","TOMSK POLYTECHNIC UNIVERSITY","Russia"
"323","TOMSK STATE UNIVERSITY","Russia"
"317","TONGJI UNIVERSITY","China"
"997","TRENT UNIVERSITY","Canada"
"88","TRINITY COLLEGE DUBLIN (TCD)","Ireland"
"25","TSINGHUA UNIVERSITY","China"
"244","TUFTS UNIVERSITY","United States"
"455","TULANE UNIVERSITY","United States"
"7","UCL (UNIVERSITY COLLEGE LONDON)","United Kingdom"
"338","UMEA UNIVERSITY","Sweden"
"580","UMM AL-QURA UNIVERSITY (UQU)","Saudi Arabia"
"390","UNITED ARAB EMIRATES UNIVERSITY","United Arab Emirates"
"678","UNIVERSIDAD ADOLFO IBANEZ","Chile"
"624","UNIVERSIDAD ANAHUAC","Mexico"
"332","UNIVERSIDAD AUSTRAL","Argentina"
"873","UNIVERSIDAD AUSTRAL DE CHILE","Chile"
"187","UNIVERSIDAD AUTONOMA DE MADRID","Spain"
"874","UNIVERSIDAD AUTONOMA DE NUEVO LEON (UANL)","Mexico"
"875","UNIVERSIDAD AUTONOMA DEL ESTADO DE MEXICO","Mexico"
"775","UNIVERSIDAD AUTONOMA METROPOLITANA (UAM)","Mexico"
"281","UNIVERSIDAD CARLOS III DE MADRID","Spain"
"679","UNIVERSIDAD CATOLICA ANDRES BELLO - UCAB","Venezuela"
"680","UNIVERSIDAD CENTRAL DE VENEZUELA (UCV)","Venezuela"
"233","UNIVERSIDAD COMPLUTENSE DE MADRID (UCM)","Spain"
"581","UNIVERSIDAD DE ALCALA","Spain"
"625","UNIVERSIDAD DE ANTIOQUIA","Colombia"
"337","UNIVERSIDAD DE BELGRANO","Argentina"
"75","UNIVERSIDAD DE BUENOS AIRES","Argentina"
"876","UNIVERSIDAD DE CASTILLA-LA MANCHA","Spain"
"201","UNIVERSIDAD DE CHILE","Chile"
"681","UNIVERSIDAD DE CONCEPCION","Chile"
"416","UNIVERSIDAD DE COSTA RICA","Costa Rica"
"527","UNIVERSIDAD DE GRANADA","Spain"
"877","UNIVERSIDAD DE GUADALAJARA (UDG)","Mexico"
"626","UNIVERSIDAD DE LA HABANA","Cuba"
"735","UNIVERSIDAD DE LA REPUBLICA (UDELAR)","Uruguay"
"776","UNIVERSIDAD DE LA SABANA","Colombia"
"878","UNIVERSIDAD DE LAS AMERICAS PUEBLA (UDLAP)","Mexico"
"258","UNIVERSIDAD DE LOS ANDES COLOMBIA","Colombia"
"879","UNIVERSIDAD DE LOS ANDES MERIDA","Venezuela"
"880","UNIVERSIDAD DE MONTERREY","Mexico"
"528","UNIVERSIDAD DE MONTEVIDEO","Uruguay"
"881","UNIVERSIDAD DE MURCIA","Spain"
"271","UNIVERSIDAD DE NAVARRA","Spain"
"882","UNIVERSIDAD DE OVIEDO","Spain"
"440","UNIVERSIDAD DE PALERMO","Argentina"
"883","UNIVERSIDAD DE PUERTO RICO","Puerto Rico"
"627","UNIVERSIDAD DE SALAMANCA","Spain"
"628","UNIVERSIDAD DE SAN ANDRES","Argentina"
"736","UNIVERSIDAD DE SAN FRANCISCO DE QUITO","Ecuador"
"456","UNIVERSIDAD DE SANTIAGO DE CHILE (USACH)","Chile"
"629","UNIVERSIDAD DE SEVILLA","Spain"
"884","UNIVERSIDAD DE TALCA","Chile"
"885","UNIVERSIDAD DE VALPARAISO","Chile"
"465","UNIVERSIDAD DE ZARAGOZA","Spain"
"886","UNIVERSIDAD DEL NORTE","Colombia"
"682","UNIVERSIDAD DEL PAIS VASCO","Spain"
"887","UNIVERSIDAD DEL ROSARIO","Colombia"
"888","UNIVERSIDAD DEL VALLE","Colombia"
"777","UNIVERSIDAD DIEGO PORTALES","Chile"
"405","UNIVERSIDAD EXTERNADO DE COLOMBIA","Colombia"
"630","UNIVERSIDAD IBEROAMERICANA (UIA)","Mexico"
"889","UNIVERSIDAD INDUSTRIAL DE SANTANDER","Colombia"
"890","UNIVERSIDAD METROPOLITANA","Venezuela"
"123","UNIVERSIDAD NACIONAL AUTONOMA DE MEXICO (UNAM)","Mexico"
"891","UNIVERSIDAD NACIONAL COSTA RICA","Costa Rica"
"254","UNIVERSIDAD NACIONAL DE COLOMBIA","Colombia"
"737","UNIVERSIDAD NACIONAL DE CORDOBA","Argentina"
"892","UNIVERSIDAD NACIONAL DE CUYO","Argentina"
"582","UNIVERSIDAD NACIONAL DE LA PLATA","Argentina"
"893","UNIVERSIDAD NACIONAL DE MAR DEL PLATA","Argentina"
"894","UNIVERSIDAD NACIONAL DE ROSARIO","Argentina"
"895","UNIVERSIDAD NACIONAL DE TUCUMAN","Argentina"
"896","UNIVERSIDAD NACIONAL DEL SUR","Argentina"
"897","UNIVERSIDAD NACIONAL MAYOR DE SAN MARCOS","Peru"
"898","UNIVERSIDAD PANAMERICANA (UP)","Mexico"
"899","UNIVERSIDAD PERUANA CAYETANO HEREDIA","Peru"
"376","UNIVERSIDAD POLITECNICA DE VALENCIA","Spain"
"900","UNIVERSIDAD REY JUAN CARLOS","Spain"
"778","UNIVERSIDAD SIMON BOLIVAR VENEZUELA","Venezuela"
"901","UNIVERSIDAD TECNICA FEDERICO SANTA MAR?A","Chile"
"902","UNIVERSIDAD TECNOLOGICA NACIONAL (UTN)","Argentina"
"683","UNIVERSIDAD TORCUATO DI TELLA","Argentina"
"684","UNIVERSIDADE CATOLICA PORTUGUESA, LISBOA","Portugal"
"903","UNIVERSIDADE DA CORUNA ","Spain"
"685","UNIVERSIDADE DE BRASILIA","Brazil"
"631","UNIVERSIDADE DE SANTIAGO DE COMPOSTELA","Spain"
"121","UNIVERSIDADE DE SAO PAULO (USP)","Brazil"
"904","UNIVERSIDADE DO ESTADO DO RIO DE JANEIRO (UERJ)","Brazil"
"183","UNIVERSIDADE ESTADUAL DE CAMPINAS (UNICAMP)","Brazil"
"905","UNIVERSIDADE ESTADUAL DE LONDRINA","Brazil"
"498","UNIVERSIDADE ESTADUAL PAULISTA ""JULIO DE MESQUITA FILHO""","Brazil"
"906","UNIVERSIDADE FEDERAL DA BAHIA","Brazil"
"583","UNIVERSIDADE FEDERAL DE MINAS GERAIS","Brazil"
"779","UNIVERSIDADE FEDERAL DE SANTA CATARINA","Brazil"
"907","UNIVERSIDADE FEDERAL DE SANTA MARIA","Brazil"
"686","UNIVERSIDADE FEDERAL DE SAO CARLOS","Brazil"
"529","UNIVERSIDADE FEDERAL DE SAO PAULO (UNIFESP)","Brazil"
"908","UNIVERSIDADE FEDERAL DE VICOSA","Brazil"
"909","UNIVERSIDADE FEDERAL DO CEARA (UFC)","Brazil"
"910","UNIVERSIDADE FEDERAL DO PARANA (UFPR)","Brazil"
"911","UNIVERSIDADE FEDERAL DO PERNAMBUCO","Brazil"
"311","UNIVERSIDADE FEDERAL DO RIO DE JANEIRO","Brazil"
"530","UNIVERSIDADE FEDERAL DO RIO GRANDE DO SUL","Brazil"
"912","UNIVERSIDADE FEDERAL FLUMINENSE","Brazil"
"363","UNIVERSIDADE NOVA DE LISBOA","Portugal"
"738","UNIVERSITA CA' FOSCARI VENEZIA","Italy"
"487","UNIVERSITA CATTOLICA DEL SACRO CUORE","Italy"
"975","UNIVERSITA COMMERCIALE LUIGI BOCCONI","Italy"
"913","UNIVERSITA DEGLI STUDI DI CATANIA (UNICT)","Italy"
"780","UNIVERSITA DEGLI STUDI DI FERRARA","Italy"
"466","UNIVERSITA DEGLI STUDI DI FIRENZE (UNIFI)","Italy"
"739","UNIVERSITA DEGLI STUDI DI GENOVA","Italy"
"327","UNIVERSITA DEGLI STUDI DI MILANO","Italy"
"740","UNIVERSITA DEGLI STUDI DI MODENA E REGGIO EMILIA","Italy"
"488","UNIVERSITA DEGLI STUDI DI NAPOLI FEDERICO II","Italy"
"297","UNIVERSITA DEGLI STUDI DI PADOVA (UNIPD)","Italy"
"915","UNIVERSITA DEGLI STUDI DI PALERMO","Italy"
"584","UNIVERSITA DEGLI STUDI DI PAVIA (UNIPV)","Italy"
"781","UNIVERSITA DEGLI STUDI DI PERUGIA","Italy"
"467","UNIVERSITA DEGLI STUDI DI ROMA - TOR VERGATA","Italy"
"914","UNIVERSITA DEGLI STUDI DI SIENA (UNISI)","Italy"
"585","UNIVERSITA DEGLI STUDI DI TORINO (UNITO)","Italy"
"448","UNIVERSITA DEGLI STUDI DI TRENTO","Italy"
"741","UNIVERSITA DEGLI STUDI DI TRIESTE (UNITS)","Italy"
"782","UNIVERSITA DEGLI STUDI ROMA TRE","Italy"
"188","UNIVERSITA DI BOLOGNA (UNIBO)","Italy"
"426","UNIVERSITA DI PISA","Italy"
"406","UNIVERSITAS GADJAH MADA","Indonesia"
"916","UNIVERSITAS MUHAMMADIYAH SURAKARTA","Indonesia"
"198","UNIVERSITAT AUTONOMA DE BARCELONA","Spain"
"586","UNIVERSITAT BAYREUTH","Germany"
"687","UNIVERSITAT BIELEFELD","Germany"
"489","UNIVERSITAT BREMEN","Germany"
"156","UNIVERSITAT DE BARCELONA (UB)","Spain"
"587","UNIVERSITAT DE VALENCIA","Spain"
"531","UNIVERSITAT DES SAARLANDES","Germany"
"632","UNIVERSITAT DUISBURG-ESSEN","Germany"
"688","UNIVERSITAT DUSSELDORF","Germany"
"288","UNIVERSITAT ERLANGEN-NURNBERG","Germany"
"255","UNIVERSITAT FRANKFURT AM MAIN","Germany"
"171","UNIVERSITAT FREIBURG","Germany"
"223","UNIVERSITAT HAMBURG","Germany"
"532","UNIVERSITAT HOHENHEIM","Germany"
"286","UNIVERSITAT INNSBRUCK","Austria"
"341","UNIVERSITAT JENA","Germany"
"333","UNIVERSITAT KOLN","Germany"
"385","UNIVERSITAT KONSTANZ","Germany"
"533","UNIVERSITAT LEIPZIG","Germany"
"389","UNIVERSITAT MANNHEIM","Germany"
"275","UNIVERSITAT POLITECNICA DE CATALUNYA ","Spain"
"298","UNIVERSITAT POMPEU FABRA","Spain"
"468","UNIVERSITAT POTSDAM","Germany"
"534","UNIVERSITAT REGENSBURG","Germany"
"917","UNIVERSITAT ROSTOCK","Germany"
"261","UNIVERSITAT STUTTGART","Germany"
"358","UNIVERSITAT ULM","Germany"
"154","UNIVERSITAT WIEN","Austria"
"417","UNIVERSITE AIX-MARSEILLE","France"
"153","UNIVERSITE CATHOLIQUE DE LOUVAIN (UCL)","Belgium"
"918","UNIVERSITE CHARLES-DE-GAULLE LILLE 3","France"
"535","UNIVERSITE CLAUDE BERNARD LYON 1","France"
"536","UNIVERSITE DE BORDEAUX","France"
"919","UNIVERSITE DE CAEN BASSE-NORMANDIE","France"
"920","UNIVERSITE DE CERGY-PONTOISE","France"
"537","UNIVERSITE DE FRIBOURG","Switzerland"
"783","UNIVERSITE DE LORRAINE ","France"
"381","UNIVERSITE DE MONTPELLIER ","France"
"130","UNIVERSITE DE MONTREAL ","Canada"
"784","UNIVERSITE DE NANTES","France"
"921","UNIVERSITE DE POITIERS","France"
"689","UNIVERSITE DE RENNES 1","France"
"633","UNIVERSITE DE SHERBROOKE","Canada"
"303","UNIVERSITE DE STRASBOURG","France"
"976","UNIVERSITE DE TECHNOLOGIE, COMPI?GNE (UTC)","France"
"538","UNIVERSITE DU QUEBEC","Canada"
"237","UNIVERSITE GRENOBLE-ALPES (UGA) ","France"
"922","UNIVERSITE JEAN MOULIN LYON 3","France"
"206","UNIVERSITE LIBRE DE BRUXELLES (ULB)","Belgium"
"588","UNIVERSITE LILLE 1, SCIENCES ET TECHNOLOGIE","France"
"923","UNIVERSITE LILLE 2 DROIT ET SANT?","France"
"785","UNIVERSITE LUMIERE LYON 2","France"
"924","UNIVERSITE MOHAMMED V DE RABAT","Morocco"
"634","UNIVERSITE NICE SOPHIA-ANTIPOLIS","France"
"589","UNIVERSITE PANTHEON-ASSAS (PARIS 2)","France"
"269","UNIVERSITE PARIS 1 PANTHEON-SORBONNE ","France"
"356","UNIVERSITE PARIS DAUPHINE","France"
"449","UNIVERSITE PARIS DESCARTES","France"
"305","UNIVERSITE PARIS DIDEROT - PARIS 7","France"
"925","UNIVERSITE PARIS OUEST NANTERRE LA DEFENSE","France"
"295","UNIVERSITE PARIS-SORBONNE (PARIS IV)","France"
"242","UNIVERSITE PARIS-SUD 11","France"
"539","UNIVERSITE PAUL SABATIER TOULOUSE III","France"
"926","UNIVERSITE PAUL-VAL?RY MONTPELLIER 3","France"
"131","UNIVERSITE PIERRE ET MARIE CURIE (UPMC)","France"
"499","UNIVERSITE SAINT-JOSEPH DE BEYROUTH","Lebanon"
"786","UNIVERSITE TOULOUSE 1, CAPITOLE","France"
"230","UNIVERSITI KEBANGSAAN MALAYSIA (UKM)","Malaysia"
"115","UNIVERSITI MALAYA (UM)","Malaysia"
"229","UNIVERSITI PUTRA MALAYSIA (UPM)","Malaysia"
"266","UNIVERSITI SAINS MALAYSIA (USM)","Malaysia"
"253","UNIVERSITI TEKNOLOGI MALAYSIA (UTM)","Malaysia"
"787","UNIVERSITI TEKNOLOGI MARA (UITM)","Malaysia"
"635","UNIVERSITI TEKNOLOGI PETRONAS (PETRONAS)","Malaysia"
"742","UNIVERSITI UTARA MALAYSIA (UUM)","Malaysia"
"690","UNIVERSITY AT ALBANY SUNY","United States"
"318","UNIVERSITY AT BUFFALO SUNY","United States"
"284","UNIVERSITY COLLEGE CORK (UCC)","Ireland"
"168","UNIVERSITY COLLEGE DUBLIN (UCD)","Ireland"
"158","UNIVERSITY OF ABERDEEN","United Kingdom"
"691","UNIVERSITY OF ALABAMA","United States"
"91","UNIVERSITY OF ALBERTA","Canada"
"58","UNIVERSITY OF AMSTERDAM","Netherlands"
"210","UNIVERSITY OF ANTWERP","Belgium"
"231","UNIVERSITY OF ARIZONA","United States"
"927","UNIVERSITY OF ARKANSAS","United States"
"540","UNIVERSITY OF AVEIRO","Portugal"
"541","UNIVERSITY OF BAGHDAD","Iraq"
"928","UNIVERSITY OF BAHRAIN","Bahrain"
"929","UNIVERSITY OF BARI","Italy"
"150","UNIVERSITY OF BASEL","Switzerland"
"160","UNIVERSITY OF BATH","United Kingdom"
"992","UNIVERSITY of BEIRA INTERIOR","Portugal"
"930","UNIVERSITY OF BELGRADE","Serbia"
"165","UNIVERSITY OF BERGEN","Norway"
"167","UNIVERSITY OF BERN","Switzerland"
"85","UNIVERSITY OF BIRMINGHAM","United Kingdom"
"636","UNIVERSITY OF BRADFORD","United Kingdom"
"931","UNIVERSITY OF BRAWIJAYA ","Indonesia"
"788","UNIVERSITY OF BRESCIA","Italy"
"743","UNIVERSITY OF BRIGHTON","United Kingdom"
"44","UNIVERSITY OF BRISTOL","United Kingdom"
"51","UNIVERSITY OF BRITISH COLUMBIA","Canada"
"350","UNIVERSITY OF BRUNEI DARUSSALAM ","Brunei"
"744","UNIVERSITY OF BUCHAREST","Romania"
"789","UNIVERSITY OF CALCUTTA","India"
"217","UNIVERSITY OF CALGARY","Canada"
"27","UNIVERSITY OF CALIFORNIA, BERKELEY (UCB)","United States"
"118","UNIVERSITY OF CALIFORNIA, DAVIS (UCD)","United States"
"166","UNIVERSITY OF CALIFORNIA, IRVINE (UCI)","United States"
"33","UNIVERSITY OF CALIFORNIA, LOS ANGELES (UCLA)","United States"
"324","UNIVERSITY OF CALIFORNIA, RIVERSIDE (UCR)","United States"
"39","UNIVERSITY OF CALIFORNIA, SAN DIEGO (UCSD)","United States"
"977","UNIVERSITY OF CALIFORNIA, SAN FRANCISCO (UCSF)","United States"
"134","UNIVERSITY OF CALIFORNIA, SANTA BARBARA (UCSB)","United States"
"301","UNIVERSITY OF CALIFORNIA, SANTA CRUZ (UCSC)","United States"
"5","UNIVERSITY OF CAMBRIDGE","United Kingdom"
"590","UNIVERSITY OF CANBERRA ","Australia"
"214","UNIVERSITY OF CANTERBURY","New Zealand"
"191","UNIVERSITY OF CAPE TOWN","South Africa"
"745","UNIVERSITY OF CENTRAL FLORIDA","United States"
"932","UNIVERSITY OF CENTRAL LANCASHIRE","United Kingdom"
"9","UNIVERSITY OF CHICAGO","United States"
"542","UNIVERSITY OF CINCINNATI","United States"
"407","UNIVERSITY OF COIMBRA","Portugal"
"790","UNIVERSITY OF COLOMBO","Sri Lanka"
"184","UNIVERSITY OF COLORADO AT BOULDER","United States"
"394","UNIVERSITY OF COLORADO AT DENVER ","United States"
"427","UNIVERSITY OF CONNECTICUT","United States"
"73","UNIVERSITY OF COPENHAGEN","Denmark"
"692","UNIVERSITY OF CRETE","Greece"
"693","UNIVERSITY OF DEBRECEN","Hungary"
"428","UNIVERSITY OF DELAWARE","United States"
"490","UNIVERSITY OF DELHI","India"
"746","UNIVERSITY OF DENVER","United States"
"747","UNIVERSITY OF DHAKA","Bangladesh"
"268","UNIVERSITY OF DUNDEE","United Kingdom"
"274","UNIVERSITY OF EAST ANGLIA (UEA)","United Kingdom"
"933","UNIVERSITY OF EAST LONDON","United Kingdom"
"457","UNIVERSITY OF EASTERN FINLAND","Finland"
"978","UNIVERSITY OF ECONOMICS, PRAGUE ","Czech Republic"
"24","UNIVERSITY OF EDINBURGH","United Kingdom"
"934","UNIVERSITY OF ENGINEERING & TECHNOLOGY (UET) LAHORE","Pakistan"
"354","UNIVERSITY OF ESSEX","United Kingdom"
"993","UNIVERSITY OF EVORA","Portugal"
"159","UNIVERSITY OF EXETER","United Kingdom"
"178","UNIVERSITY OF FLORIDA","United States"
"99","UNIVERSITY OF GENEVA","Switzerland"
"935","UNIVERSITY OF GHANA","Ghana"
"126","UNIVERSITY OF GHENT","Belgium"
"65","UNIVERSITY OF GLASGOW","United Kingdom"
"285","UNIVERSITY OF GOTHENBURG","Sweden"
"936","UNIVERSITY OF GREENWICH","United Kingdom"
"113","UNIVERSITY OF GRONINGEN","Netherlands"
"500","UNIVERSITY OF GUELPH","Canada"
"637","UNIVERSITY OF HAIFA","Israel"
"342","UNIVERSITY OF HAWAII AT MANOA ","United States"
"102","UNIVERSITY OF HELSINKI","Finland"
"791","UNIVERSITY OF HERTFORDSHIRE","United Kingdom"
"26","UNIVERSITY OF HONG KONG (HKU)","Hong Kong"
"638","UNIVERSITY OF HOUSTON","United States"
"792","UNIVERSITY OF HUDDERSFIELD","United Kingdom"
"639","UNIVERSITY OF HULL","United Kingdom"
"640","UNIVERSITY OF HYDERABAD","India"
"69","UNIVERSITY OF ILLINOIS AT URBANA-CHAMPAIGN","United States"
"208","UNIVERSITY OF ILLINOIS, CHICAGO (UIC)","United States"
"277","UNIVERSITY OF INDONESIA","Indonesia"
"429","UNIVERSITY OF IOWA","United States"
"641","UNIVERSITY OF JOHANNESBURG ","South Africa"
"591","UNIVERSITY OF JORDAN","Jordan"
"359","UNIVERSITY OF JYVASKYLA","Finland"
"387","UNIVERSITY OF KANSAS","United States"
"937","UNIVERSITY OF KARACHI","Pakistan"
"377","UNIVERSITY OF KENT","United Kingdom"
"592","UNIVERSITY OF KENTUCKY","United States"
"642","UNIVERSITY OF KUFA","Iraq"
"748","UNIVERSITY OF KWAZULU-NATAL","South Africa"
"938","UNIVERSITY OF LAHORE","Pakistan"
"749","UNIVERSITY OF LATVIA","Latvia"
"146","UNIVERSITY OF LAUSANNE","Switzerland"
"101","UNIVERSITY OF LEEDS","United Kingdom"
"238","UNIVERSITY OF LEICESTER","United Kingdom"
"321","UNIVERSITY OF LIEGE","Belgium"
"543","UNIVERSITY OF LIMERICK (UL)","Ireland"
"306","UNIVERSITY OF LISBON ","Portugal"
"174","UNIVERSITY OF LIVERPOOL","United Kingdom"
"694","UNIVERSITY OF LJUBLJANA","Slovenia"
"544","UNIVERSITY OF MACAU","Macau"
"593","UNIVERSITY OF MANITOBA","Canada"
"939","UNIVERSITY OF MARIBOR","Slovenia"
"491","UNIVERSITY OF MARYLAND, BALTIMORE COUNTY","United States"
"129","UNIVERSITY OF MARYLAND, COLLEGE PARK","United States"
"249","UNIVERSITY OF MASSACHUSETTS, AMHERST","United States"
"643","UNIVERSITY OF MASSACHUSETTS, BOSTON ","United States"
"252","UNIVERSITY OF MIAMI","United States"
"22","UNIVERSITY OF MICHIGAN","United States"
"695","UNIVERSITY OF MILANO-BICOCCA ","Italy"
"696","UNIVERSITY OF MINHO","Portugal"
"163","UNIVERSITY OF MINNESOTA","United States"
"940","UNIVERSITY OF MISSISSIPPI","United States"
"644","UNIVERSITY OF MISSOURI, COLUMBIA","United States"
"594","UNIVERSITY OF MONS ","Belgium"
"941","UNIVERSITY OF MONTANA MISSOULA ","United States"
"942","UNIVERSITY OF MUMBAI","India"
"943","UNIVERSITY OF NAIROBI","Kenya"
"545","UNIVERSITY OF NEBRASKA","United States"
"944","UNIVERSITY OF NEW ENGLAND ","Australia"
"793","UNIVERSITY OF NEW HAMPSHIRE","United States"
"469","UNIVERSITY OF NEW MEXICO","United States"
"226","UNIVERSITY OF NEWCASTLE","Australia"
"80","UNIVERSITY OF NORTH CAROLINA, CHAPEL HILL","United States"
"216","UNIVERSITY OF NOTRE DAME","United States"
"995","University of Notre Dame Australia","Australia"
"546","UNIVERSITY OF OKLAHOMA","United States"
"595","UNIVERSITY OF OREGON","United States"
"142","UNIVERSITY OF OSLO","Norway"
"151","UNIVERSITY OF OTAGO","New Zealand"
"290","UNIVERSITY OF OTTAWA","Canada"
"418","UNIVERSITY OF OULU","Finland"
"6","UNIVERSITY OF OXFORD","United Kingdom"
"750","UNIVERSITY OF PATRAS","Greece"
"794","UNIVERSITY OF PECS","Hungary"
"19","UNIVERSITY OF PENNSYLVANIA","United States"
"143","UNIVERSITY OF PITTSBURGH","United States"
"751","UNIVERSITY OF PLYMOUTH","United Kingdom"
"302","UNIVERSITY OF PORTO","Portugal"
"645","UNIVERSITY OF PORTSMOUTH","United Kingdom"
"547","UNIVERSITY OF PRETORIA","South Africa"
"945","UNIVERSITY OF PUNE","India"
"189","UNIVERSITY OF READING","United Kingdom"
"999","UNIVERSITY OF REGINA","Canada"
"186","UNIVERSITY OF ROCHESTER","United States"
"795","UNIVERSITY OF SALFORD","United Kingdom"
"946","UNIVERSITY OF SAN DIEGO","United States"
"947","UNIVERSITY OF SAN FRANCISCO","United States"
"948","UNIVERSITY OF SANTO TOMAS","Philippines"
"458","UNIVERSITY OF SASKATCHEWAN","Canada"
"596","UNIVERSITY OF SCIENCE AND TECHNOLOGY BEIJING","China"
"97","UNIVERSITY OF SCIENCE AND TECHNOLOGY OF CHINA","China"
"697","UNIVERSITY OF SEOUL ","South Korea"
"752","UNIVERSITY OF SHARJAH","United Arab Emirates"
"280","UNIVERSITY OF SOUTH AUSTRALIA (UNISA)","Australia"
"646","UNIVERSITY OF SOUTH CAROLINA AT COLUMBIA","United States"
"548","UNIVERSITY OF SOUTH FLORIDA","United States"
"103","UNIVERSITY OF SOUTHAMPTON","United Kingdom"
"132","UNIVERSITY OF SOUTHERN CALIFORNIA","United States"
"384","UNIVERSITY OF SOUTHERN DENMARK","Denmark"
"796","UNIVERSITY OF SOUTHERN QUEENSLAND ","Australia"
"92","UNIVERSITY OF ST ANDREWS","United Kingdom"
"372","UNIVERSITY OF ST GALLEN (HSG)","Switzerland"
"459","UNIVERSITY OF STIRLING","United Kingdom"
"278","UNIVERSITY OF STRATHCLYDE","United Kingdom"
"273","UNIVERSITY OF SURREY","United Kingdom"
"228","UNIVERSITY OF SUSSEX","United Kingdom"
"549","UNIVERSITY OF SZEGED","Hungary"
"597","UNIVERSITY OF TAMPERE","Finland"
"315","UNIVERSITY OF TARTU","Estonia"
"313","UNIVERSITY OF TASMANIA","Australia"
"176","UNIVERSITY OF TECHNOLOGY SYDNEY (UTS)","Australia"
"647","UNIVERSITY OF TEHRAN","Iran"
"460","UNIVERSITY OF TENNESSEE","United States"
"67","UNIVERSITY OF TEXAS AT AUSTIN","United States"
"430","UNIVERSITY OF TEXAS DALLAS ","United States"
"949","UNIVERSITY OF THE PACIFIC","United States"
"369","UNIVERSITY OF THE PHILIPPINES","Philippines"
"950","UNIVERSITY OF THE SUNSHINE COAST ","Australia"
"951","UNIVERSITY OF THE WESTERN CAPE","South Africa"
"366","UNIVERSITY OF THE WITWATERSRAND","South Africa"
"31","UNIVERSITY OF TORONTO","Canada"
"370","UNIVERSITY OF TROMSO","Norway"
"251","UNIVERSITY OF TSUKUBA","Japan"
"797","UNIVERSITY OF TULSA","United States"
"276","UNIVERSITY OF TURKU","Finland"
"180","UNIVERSITY OF TWENTE","Netherlands"
"598","UNIVERSITY OF ULSAN ","South Korea"
"648","UNIVERSITY OF ULSTER","United Kingdom"
"393","UNIVERSITY OF UTAH","United States"
"599","UNIVERSITY OF VERMONT","United States"
"348","UNIVERSITY OF VICTORIA","Canada"
"175","UNIVERSITY OF VIRGINIA","United States"
"292","UNIVERSITY OF WAIKATO","New Zealand"
"419","UNIVERSITY OF WARSAW ","Poland"
"61","UNIVERSITY OF WASHINGTON","United States"
"152","UNIVERSITY OF WATERLOO","Canada"
"600","UNIVERSITY OF WESTMINSTER","United Kingdom"
"698","UNIVERSITY OF WINDSOR","Canada"
"998","UNIVERSITY OF WINNIPEG","Canada"
"55","UNIVERSITY OF WISCONSIN-MADISON","United States"
"232","UNIVERSITY OF WOLLONGONG","Australia"
"952","UNIVERSITY OF WROCLAW","Poland"
"753","UNIVERSITY OF WYOMING","United States"
"136","UNIVERSITY OF YORK","United Kingdom"
"649","UNIVERSITY OF ZAGREB","Croatia"
"74","UNIVERSITY OF ZURICH","Switzerland"
"953","UNIVERSITY TOULOUSE JEAN JAURES","France"
"112","UPPSALA UNIVERSITY","Sweden"
"501","URAL FEDERAL UNIVERSITY","Russia"
"954","UTAH STATE UNIVERSITY ","United States"
"111","UTRECHT UNIVERSITY","Netherlands"
"408","V.N. KARAZIN KHARKIV NATIONAL UNIVERSITY","Ukraine"
"212","VANDERBILT UNIVERSITY","United States"
"955","VERONA UNIVERSITY","Italy"
"754","VICTORIA UNIVERSITY ","Australia"
"219","VICTORIA UNIVERSITY OF WELLINGTON","New Zealand"
"601","VILNIUS GEDIMINAS TECHNICAL UNIVERSITY","Lithuania"
"409","VILNIUS UNIVERSITY ","Lithuania"
"699","VIRGINIA COMMONWEALTH UNIVERSITY","United States"
"371","VIRGINIA POLYTECHNIC INSTITUTE (VIRGINIA TECH)","United States"
"956","VORONEZH STATE UNIVERSITY","Russia"
"218","VRIJE UNIVERSITEIT AMSTERDAM","Netherlands"
"185","VRIJE UNIVERSITEIT BRUSSEL (VUB)","Belgium"
"957","VYTAUTAS MAGNUS UNIVERSITY","Lithuania"
"124","WAGENINGEN UNIVERSITY","Netherlands"
"420","WAKE FOREST UNIVERSITY","United States"
"650","WARSAW UNIVERSITY OF TECHNOLOGY","Poland"
"203","WASEDA UNIVERSITY","Japan"
"410","WASHINGTON STATE UNIVERSITY","United States"
"100","WASHINGTON UNIVERSITY IN ST. LOUIS","United States"
"470","WAYNE STATE UNIVERSITY","United States"
"979","WEIZMANN INSTITUTE OF SCIENCE","Israel"
"958","WEST UNIVERSITY OF TIMISOARA","Romania"
"602","WESTERN SYDNEY UNIVERSITY","Australia"
"211","WESTERN UNIVERSITY","Canada"
"310","WESTFALISCHE WILHELMS-UNIVERSITAT MUNSTER ","Germany"
"980","WHU OTTO BEISHEIM SCHOOL OF MANAGEMENT - KOBLENZ","Germany"
"700","WORCESTER POLYTECHNIC INSTITUTE","United States"
"959","WROCLAW UNIVERSITY OF TECHNOLOGY","Poland"
"282","WUHAN UNIVERSITY","China"
"345","XI'AN JIAOTONG UNIVERSITY","China"
"441","XIAMEN UNIVERSITY","China"
"985","XINJIANG UNIVERSITY","China"
"987","XIZANG UNIVERSITY","CHINA"
"16","YALE UNIVERSITY","United States"
"798","YAMAGUCHI UNIVERSITY ","Japan"
"328","YESHIVA UNIVERSITY","United States"
"799","YEUNGNAM UNIVERSITY ","South Korea"
"550","YOKOHAMA CITY UNIVERSITY","Japan"
"800","YOKOHAMA NATIONAL UNIVERSITY","Japan"
"106","YONSEI UNIVERSITY","South Korea"
"450","YORK UNIVERSITY","Canada"
"87","ZHEJIANG UNIVERSITY","China"
